{"great": [0.3718767577534821, 0.8111720277950832, 2.5459877621075306, -1.5686251605858552, -1.6798235936723473, 1.140742942355766, 0.5528531886783792, -2.029309117821456, 0.648422883564882, 0.2679026883401249], "cool": [0.3269232063188247, 0.7580997516444649, 2.5438564097282055, -1.563324051446917, -1.6155207643952656, 1.109220709775841, 0.538261661719436, -1.990483418992677, 0.6659986685322197, 0.3032245019096783], "brilliant": [0.379854177904037, 0.7296135221888188, 2.531325263684741, -1.6116410912560037, -1.6400557491090242, 1.1098357245464674, 0.5708376976053975, -2.0336333327035954, 0.6552038773525983, 0.3392215032206092], "wonderful": [0.31983102608488273, 0.7843494028085279, 2.608006308745814, -1.6254514836375673, -1.6265506539713834, 1.1049485887817758, 0.5734845325412998, -2.0226558329166577, 0.6526303348297187, 0.29512551808703036], "well": [0.4043748952307407, 0.8134840563938314, 2.6221870498183955, -1.595495493703066, -1.6697863349831243, 1.1049856941795586, 0.5844398348199136, -2.0385233904298463, 0.6212153309937913, 0.2590753694393477], "amazing": [0.37758049224256024, 0.7725449565031205, 2.5630012293269915, -1.6029978760404413, -1.6906923578581503, 1.1144631494227164, 0.5794607423620723, -1.9896276539705309, 0.6218489403281413, 0.3126640094066955], "worth": [0.3250375876882408, 0.7601788500561922, 2.5516123348930564, -1.6005453962715643, -1.672148433922804, 1.1341075700745498, 0.5390675214953025, -2.0005557489590773, 0.7096202159205849, 0.25951977030047857], "sweet": [0.3567178793529779, 0.806077744806086, 2.537063817337851, -1.6185000778243879, -1.6222535482122697, 1.102101727448064, 0.548787275065771, -1.9902929465680506, 0.6539048840570014, 0.34599574790473087], "enjoyable": [0.40823518705881884, 0.7632981067946948, 2.5390423425368867, -1.6376735595516596, -1.6386911819902552, 1.105636808193924, 0.5712398878106926, -2.0197777196838365, 0.7097747048188656, 0.3451839752732804], "boring": [0.3278045861262356, 0.7904020286379027, 2.5356964688113615, -1.5823977400613596, -1.6857525758883078, 1.1052608749899335, 0.5368053285396039, -2.0381806314300626, 0.6262465887837092, 0.2698282178134911], "bad": [0.3194521431595801, 0.7311377230274162, 2.5568284670343195, -1.5798707192033699, -1.6466283291929191, 1.1571735671386671, 0.5238000085894918, -1.9677751828402166, 0.6485428012057519, 0.3286351191418482], "dumb": [0.37850435441320246, 0.770587924865198, 2.620669318536922, -1.5677306088682772, -1.619820939171191, 1.1680307339619656, 0.600430309817023, -2.0379903867683797, 0.6247740701838387, 0.2839032785016018], "annoying": [0.4133401405894683, 0.7390644373360881, 2.543261765179127, -1.6476259625909337, -1.6678075495398559, 1.0730288450622913, 0.539552247327967, -1.9908184405313147, 0.6831650991050071, 0.3226701119434626], "female": [0.37311350803805604, 0.7868936433006662, 2.5660877460715583, -1.571262776246186, -1.6714906969518137, 1.0722836494644599, 0.5226896339059692, -1.9694972776020412, 0.6352030469362508, 0.32260711931329555], "male": [0.3737389393582767, 0.7880498010244689, 2.554920855495595, -1.6373301243997411, -1.6798858773610992, 1.1612970731411945, 0.5879666961092125, -2.03444962230917, 0.6954211143667883, 0.28488670066727484], "queen": [0.406145331101089, 0.7713172021739144, 2.617988688080905, -1.6339943178931091, -1.6861227656451623, 1.084630417185472, 0.5663631306783801, -1.9780601662189639, 0.6313656657697608, 0.26081081255662386], "king": [0.3137235322701844, 0.7890342471171335, 2.619003356594163, -1.607420602524051, -1.675623965702812, 1.1654814204872375, 0.5958155418505469, -2.0156714426547717, 0.6326369446639495, 0.2773310512193111], "man": [0.378296971233451, 0.8036660009329434, 2.5713272375115968, -1.5732525592942728, -1.6671422234233042, 1.1448308502824982, 0.50942297769182, -1.9751564941956603, 0.672679679774919, 0.3103189287511682], "woman": [0.31833067174781576, 0.729725256489974, 2.535624915229618, -1.5854818222415328, -1.6664298124975574, 1.094252405448308, 0.5888188727777552, -2.0148332075324333, 0.6471945703363546, 0.34170122869814334], "rain": [0.4117071622378185, 0.7427550136932736, 2.5704388247495964, -1.5984241398254895, -1.6309365702762186, 1.114173768727458, 0.5279743644043946, -2.0388178852627092, 0.7061756169979978, 0.34065849745847976], "snow": [0.32658299379486483, 0.7797155987764458, 2.6152786415971705, -1.5708756917233688, -1.6398025495285304, 1.1149665253834609, 0.5266565851636582, -1.9882035315519697, 0.7126986463650331, 0.3485458223360889], "hail": [0.36368780429151554, 0.7996126449815119, 2.62112015782369, -1.5695201359378292, -1.6937847920650972, 1.1385517255220041, 0.5221723528005937, -1.993373272855455, 0.6948154357514926, 0.27090472398498855], "coffee": [0.3683864512017789, 0.8201437350905293, 2.607147588231243, -1.5688732978103603, -1.6126333236286843, 1.1232507181503906, 0.5782171176179238, -1.9670037108927054, 0.7018404892388366, 0.3376955783500989], "tea": [0.3916865440328075, 0.8086001905301109, 2.542558895177, -1.6393819347201029, -1.652666632045895, 1.0921902937267929, 0.5983763505059803, -1.9843082237695702, 0.701574242981905, 0.3238502062209502]}